{
    "name": "root",
    "gauges": {
        "AICamera.Policy.Entropy.mean": {
            "value": 1.125562071800232,
            "min": 1.124516487121582,
            "max": 1.2346957921981812,
            "count": 200
        },
        "AICamera.Policy.Entropy.sum": {
            "value": 5366.68017578125,
            "min": 5329.7880859375,
            "max": 6657.47998046875,
            "count": 200
        },
        "AICamera.Environment.EpisodeLength.mean": {
            "value": 491.6470588235294,
            "min": 20.103703703703705,
            "max": 999.0,
            "count": 200
        },
        "AICamera.Environment.EpisodeLength.sum": {
            "value": 8358.0,
            "min": 571.0,
            "max": 10620.0,
            "count": 200
        },
        "AICamera.Step.mean": {
            "value": 999967.0,
            "min": 4961.0,
            "max": 999967.0,
            "count": 200
        },
        "AICamera.Step.sum": {
            "value": 999967.0,
            "min": 4961.0,
            "max": 999967.0,
            "count": 200
        },
        "AICamera.Policy.ExtrinsicValueEstimate.mean": {
            "value": 0.07033143937587738,
            "min": -0.2489955723285675,
            "max": 0.09808611869812012,
            "count": 200
        },
        "AICamera.Policy.ExtrinsicValueEstimate.sum": {
            "value": 6.18916654586792,
            "min": -37.01912307739258,
            "max": 8.337320327758789,
            "count": 200
        },
        "AICamera.Environment.CumulativeReward.mean": {
            "value": 0.11176470447989072,
            "min": -0.4750000014901161,
            "max": 0.5,
            "count": 200
        },
        "AICamera.Environment.CumulativeReward.sum": {
            "value": 1.899999976158142,
            "min": -53.30000013113022,
            "max": 4.5,
            "count": 200
        },
        "AICamera.Policy.ExtrinsicReward.mean": {
            "value": 0.11176470447989072,
            "min": -0.4750000014901161,
            "max": 0.5,
            "count": 200
        },
        "AICamera.Policy.ExtrinsicReward.sum": {
            "value": 1.899999976158142,
            "min": -53.30000013113022,
            "max": 4.5,
            "count": 200
        },
        "AICamera.Losses.PolicyLoss.mean": {
            "value": 0.05520459316903725,
            "min": 0.03048772201873362,
            "max": 0.05520459316903725,
            "count": 200
        },
        "AICamera.Losses.PolicyLoss.sum": {
            "value": 0.27602296584518626,
            "min": 0.12826771079562604,
            "max": 0.27602296584518626,
            "count": 200
        },
        "AICamera.Losses.ValueLoss.mean": {
            "value": 0.00622309082003388,
            "min": 0.0002666996249899967,
            "max": 0.08909477666020393,
            "count": 200
        },
        "AICamera.Losses.ValueLoss.sum": {
            "value": 0.031115454100169398,
            "min": 0.0013334981249499833,
            "max": 0.35637910664081573,
            "count": 200
        },
        "AICamera.Policy.LearningRate.mean": {
            "value": 8.28699723800006e-07,
            "min": 8.28699723800006e-07,
            "max": 0.00029920320026559995,
            "count": 200
        },
        "AICamera.Policy.LearningRate.sum": {
            "value": 4.14349861900003e-06,
            "min": 4.14349861900003e-06,
            "max": 0.0014888976037008,
            "count": 200
        },
        "AICamera.Policy.Epsilon.mean": {
            "value": 0.10027620000000001,
            "min": 0.10027620000000001,
            "max": 0.1997344,
            "count": 200
        },
        "AICamera.Policy.Epsilon.sum": {
            "value": 0.5013810000000001,
            "min": 0.4029993,
            "max": 0.9962992,
            "count": 200
        },
        "AICamera.Policy.Beta.mean": {
            "value": 1.135338000000001e-05,
            "min": 1.135338000000001e-05,
            "max": 0.00049869856,
            "count": 200
        },
        "AICamera.Policy.Beta.sum": {
            "value": 5.676690000000005e-05,
            "min": 5.4696570000000026e-05,
            "max": 0.00248186608,
            "count": 200
        },
        "AICamera.IsTraining.mean": {
            "value": 1.0,
            "min": 1.0,
            "max": 1.0,
            "count": 200
        },
        "AICamera.IsTraining.sum": {
            "value": 1.0,
            "min": 1.0,
            "max": 1.0,
            "count": 200
        }
    },
    "metadata": {
        "timer_format_version": "0.1.0",
        "start_time_seconds": "1701867631",
        "python_version": "3.9.10 (tags/v3.9.10:f2f3f53, Jan 17 2022, 15:14:21) [MSC v.1929 64 bit (AMD64)]",
        "command_line_arguments": "C:\\Users\\hyden\\Documents\\Unity Projects\\AI TEST 3\\venv\\Scripts\\mlagents-learn config/MoveToGoal.yaml --initialize-from=Reinforcement_Static --run-id=Reinforcement_Random_W_Static",
        "mlagents_version": "0.30.0",
        "mlagents_envs_version": "0.30.0",
        "communication_protocol_version": "1.5.0",
        "pytorch_version": "1.7.1+cu110",
        "numpy_version": "1.21.2",
        "end_time_seconds": "1701867910"
    },
    "total": 278.9873774,
    "count": 1,
    "self": 0.004060999999978776,
    "children": {
        "run_training.setup": {
            "total": 0.05322360000000004,
            "count": 1,
            "self": 0.05322360000000004
        },
        "TrainerController.start_learning": {
            "total": 278.9300928,
            "count": 1,
            "self": 0.48549379999900566,
            "children": {
                "TrainerController._reset_env": {
                    "total": 4.2851091,
                    "count": 1,
                    "self": 4.2851091
                },
                "TrainerController.advance": {
                    "total": 274.14230180000095,
                    "count": 62523,
                    "self": 0.4535989000000882,
                    "children": {
                        "env_step": {
                            "total": 147.8907234000005,
                            "count": 62523,
                            "self": 129.32003800001044,
                            "children": {
                                "SubprocessEnvManager._take_step": {
                                    "total": 18.24478529999527,
                                    "count": 62523,
                                    "self": 1.6342274999927184,
                                    "children": {
                                        "TorchPolicy.evaluate": {
                                            "total": 16.610557800002553,
                                            "count": 62523,
                                            "self": 16.610557800002553
                                        }
                                    }
                                },
                                "workers": {
                                    "total": 0.32590009999478653,
                                    "count": 62523,
                                    "self": 0.0,
                                    "children": {
                                        "worker_root": {
                                            "total": 273.99727690000077,
                                            "count": 62523,
                                            "is_parallel": true,
                                            "self": 178.14689510000164,
                                            "children": {
                                                "steps_from_proto": {
                                                    "total": 0.00021009999999943574,
                                                    "count": 1,
                                                    "is_parallel": true,