{
    "name": "root",
    "gauges": {
        "AICamera.Policy.Entropy.mean": {
            "value": -6.212733268737793,
            "min": -6.212733268737793,
            "max": 1.4044508934020996,
            "count": 200
        },
        "AICamera.Policy.Entropy.sum": {
            "value": -31709.791015625,
            "min": -34395.08984375,
            "max": 7370.55859375,
            "count": 200
        },
        "AICamera.Step.mean": {
            "value": 999989.0,
            "min": 4994.0,
            "max": 999989.0,
            "count": 200
        },
        "AICamera.Step.sum": {
            "value": 999989.0,
            "min": 4994.0,
            "max": 999989.0,
            "count": 200
        },
        "AICamera.Policy.ExtrinsicValueEstimate.mean": {
            "value": -0.07736396789550781,
            "min": -0.2433222234249115,
            "max": 0.7079529166221619,
            "count": 200
        },
        "AICamera.Policy.ExtrinsicValueEstimate.sum": {
            "value": -6.034389495849609,
            "min": -22.680042266845703,
            "max": 57.34418487548828,
            "count": 200
        },
        "AICamera.Policy.GailValueEstimate.mean": {
            "value": 1.3923709392547607,
            "min": -1.7783712148666382,
            "max": 32.77473831176758,
            "count": 200
        },
        "AICamera.Policy.GailValueEstimate.sum": {
            "value": 108.60493469238281,
            "min": -138.71295166015625,
            "max": 2621.97900390625,
            "count": 200
        },
        "AICamera.Losses.PolicyLoss.mean": {
            "value": 0.17649196394563962,
            "min": 0.03452284540204952,
            "max": 2.338952291508516,
            "count": 200
        },
        "AICamera.Losses.PolicyLoss.sum": {
            "value": 0.8824598197281981,
            "min": 0.09178964279514426,
            "max": 11.69476145754258,
            "count": 200
        },
        "AICamera.Losses.ValueLoss.mean": {
            "value": 0.40574141159032784,
            "min": 0.02751733927196631,
            "max": 42.025834465026854,
            "count": 200
        },
        "AICamera.Losses.ValueLoss.sum": {
            "value": 2.0287070579516393,
            "min": 0.08255201781589892,
            "max": 210.12917232513428,
            "count": 200
        },
        "AICamera.Policy.LearningRate.mean": {
            "value": 7.17639760820003e-07,
            "min": 7.17639760820003e-07,
            "max": 0.00029907840030719997,
            "count": 200
        },
        "AICamera.Policy.LearningRate.sum": {
            "value": 3.5881988041000152e-06,
            "min": 3.5881988041000152e-06,
            "max": 0.0014891247036250997,
            "count": 200
        },
        "AICamera.Policy.Epsilon.mean": {
            "value": 0.10023918000000001,
            "min": 0.10023918000000001,
            "max": 0.1996928,
            "count": 200
        },
        "AICamera.Policy.Epsilon.sum": {
            "value": 0.5011959,
            "min": 0.3022703,
            "max": 0.9963749000000001,
            "count": 200
        },
        "AICamera.Policy.Beta.mean": {
            "value": 1.1171982000000007e-05,
            "min": 1.1171982000000007e-05,
            "max": 0.00049849472,
            "count": 200
        },
        "AICamera.Policy.Beta.sum": {
            "value": 5.585991000000003e-05,
            "min": 4.1124469999999966e-05,
            "max": 0.0024822370099999995,
            "count": 200
        },
        "AICamera.Policy.GAILPolicyEstimate.mean": {
            "value": 0.04807702101301402,
            "min": 0.04807702101301402,
            "max": 0.5155081519236167,
            "count": 200
        },
        "AICamera.Policy.GAILPolicyEstimate.sum": {
            "value": 0.24038510506507008,
            "min": 0.1807343997726483,
            "max": 2.4338170190652213,
            "count": 200
        },
        "AICamera.Policy.GAILExpertEstimate.mean": {
            "value": 0.9231254462401072,
            "min": 0.5078335573275884,
            "max": 0.9248671357830365,
            "count": 200
        },
        "AICamera.Policy.GAILExpertEstimate.sum": {
            "value": 4.615627231200536,
            "min": 1.1464077681303024,
            "max": 4.615627231200536,
            "count": 200
        },
        "AICamera.Losses.GAILLoss.mean": {
            "value": 0.1658179462949435,
            "min": 0.1658179462949435,
            "max": 1.501374711592992,
            "count": 200
        },
        "AICamera.Losses.GAILLoss.sum": {
            "value": 0.8290897314747175,
            "min": 0.6130383842225585,
            "max": 7.50687355796496,
            "count": 200
        },
        "AICamera.Policy.GAILGradMagLoss.mean": {
            "value": 0.03683196826061855,
            "min": 0.028645594301263965,
            "max": 7.697625756263733,
            "count": 200
        },
        "AICamera.Policy.GAILGradMagLoss.sum": {
            "value": 0.18415984130309274,
            "min": 0.08593678290379189,
            "max": 16.42545786499977,
            "count": 200
        },
        "AICamera.Losses.PretrainingLoss.mean": {
            "value": 0.007359041978273676,
            "min": 0.007268675490359038,
            "max": 1.084228412525074,
            "count": 200
        },
        "AICamera.Losses.PretrainingLoss.sum": {
            "value": 0.03679520989136838,
            "min": 0.021881647451533225,
            "max": 4.6773596835566,
            "count": 200
        },
        "AICamera.Environment.EpisodeLength.mean": {
            "value": 433.4375,
            "min": 154.08333333333334,
            "max": 999.0,
            "count": 197
        },
        "AICamera.Environment.EpisodeLength.sum": {
            "value": 6935.0,
            "min": 296.0,
            "max": 13661.0,
            "count": 197
        },
        "AICamera.Environment.CumulativeReward.mean": {
            "value": -0.5,
            "min": -0.5,
            "max": 1.0,
            "count": 196
        },
        "AICamera.Environment.CumulativeReward.sum": {
            "value": -8.0,
            "min": -13.0,
            "max": 21.5,
            "count": 196
        },
        "AICamera.Policy.ExtrinsicReward.mean": {
            "value": -0.5,
            "min": -0.5,
            "max": 1.0,
            "count": 196
        },
        "AICamera.Policy.ExtrinsicReward.sum": {
            "value": -8.0,
            "min": -13.0,
            "max": 21.5,
            "count": 196
        },
        "AICamera.Policy.GailReward.mean": {
            "value": 36.22274077683687,
            "min": 8.801652763038874,
            "max": 338.17014837265015,
            "count": 196
        },
        "AICamera.Policy.GailReward.sum": {
            "value": 579.56385242939,
            "min": 30.752023220062256,
            "max": 2288.4491638094187,
            "count": 196
        },
        "AICamera.IsTraining.mean": {
            "value": 1.0,
            "min": 1.0,
            "max": 1.0,
            "count": 200
        },
        "AICamera.IsTraining.sum": {
            "value": 1.0,
            "min": 1.0,
            "max": 1.0,
            "count": 200
        }
    },
    "metadata": {
        "timer_format_version": "0.1.0",
        "start_time_seconds": "1701868842",
        "python_version": "3.9.10 (tags/v3.9.10:f2f3f53, Jan 17 2022, 15:14:21) [MSC v.1929 64 bit (AMD64)]",
        "command_line_arguments": "C:\\Users\\hyden\\Documents\\Unity Projects\\AI TEST 3\\venv\\Scripts\\mlagents-learn config/ImitationMoveToGoal.yaml --run-id=Imitation_Static",
        "mlagents_version": "0.30.0",
        "mlagents_envs_version": "0.30.0",
        "communication_protocol_version": "1.5.0",
        "pytorch_version": "1.7.1+cu110",
        "numpy_version": "1.21.2",
        "end_time_seconds": "1701869477"
    },
    "total": 635.0146059,