{
    "name": "root",
    "gauges": {
        "AICamera.Policy.Entropy.mean": {
            "value": -4.922974586486816,
            "min": -4.922974586486816,
            "max": 1.3874967098236084,
            "count": 200
        },
        "AICamera.Policy.Entropy.sum": {
            "value": -25048.09375,
            "min": -25370.357421875,
            "max": 7192.783203125,
            "count": 200
        },
        "AICamera.Step.mean": {
            "value": 999951.0,
            "min": 4963.0,
            "max": 999951.0,
            "count": 200
        },
        "AICamera.Step.sum": {
            "value": 999951.0,
            "min": 4963.0,
            "max": 999951.0,
            "count": 200
        },
        "AICamera.Policy.ExtrinsicValueEstimate.mean": {
            "value": 0.041667576879262924,
            "min": -0.2660779356956482,
            "max": 0.18361026048660278,
            "count": 200
        },
        "AICamera.Policy.ExtrinsicValueEstimate.sum": {
            "value": 3.416741371154785,
            "min": -21.55231285095215,
            "max": 15.606871604919434,
            "count": 200
        },
        "AICamera.Policy.GailValueEstimate.mean": {
            "value": 14.666200637817383,
            "min": 5.229482173919678,
            "max": 25.082290649414062,
            "count": 200
        },
        "AICamera.Policy.GailValueEstimate.sum": {
            "value": 1202.62841796875,
            "min": 423.5880432128906,
            "max": 2081.830078125,
            "count": 200
        },
        "AICamera.Losses.PolicyLoss.mean": {
            "value": 0.17625558919583756,
            "min": 0.036159240475778155,
            "max": 6.53394308189551,
            "count": 200
        },
        "AICamera.Losses.PolicyLoss.sum": {
            "value": 0.8812779459791878,
            "min": 0.1325568451914781,
            "max": 26.13577232758204,
            "count": 200
        },
        "AICamera.Losses.ValueLoss.mean": {
            "value": 3.16054771343867,
            "min": 2.23795306806763,
            "max": 38.44164794286092,
            "count": 200
        },
        "AICamera.Losses.ValueLoss.sum": {
            "value": 15.80273856719335,
            "min": 8.95181227227052,
            "max": 192.2082397143046,
            "count": 200
        },
        "AICamera.Policy.LearningRate.mean": {
            "value": 7.274797575400063e-07,
            "min": 7.274797575400063e-07,
            "max": 0.00029907610030796664,
            "count": 200
        },
        "AICamera.Policy.LearningRate.sum": {
            "value": 3.6373987877000317e-06,
            "min": 3.6373987877000317e-06,
            "max": 0.0014816133061288997,
            "count": 200
        },
        "AICamera.Policy.Epsilon.mean": {
            "value": 0.10024246,
            "min": 0.10024246,
            "max": 0.19969203333333332,
            "count": 200
        },
        "AICamera.Policy.Epsilon.sum": {
            "value": 0.5012123,
            "min": 0.40293120000000004,
            "max": 0.9938711000000001,
            "count": 200
        },
        "AICamera.Policy.Beta.mean": {
            "value": 1.1188054000000012e-05,
            "min": 1.1188054000000012e-05,
            "max": 0.0004984909633333332,
            "count": 200
        },
        "AICamera.Policy.Beta.sum": {
            "value": 5.5940270000000056e-05,
            "min": 5.436287999999999e-05,
            "max": 0.00246996839,
            "count": 200
        },
        "AICamera.Policy.GAILPolicyEstimate.mean": {
            "value": 0.20813814376791315,
            "min": 0.1747556415696939,
            "max": 0.5203071410457293,
            "count": 200
        },
        "AICamera.Policy.GAILPolicyEstimate.sum": {
            "value": 1.0406907188395658,
            "min": 0.7977670853336652,
            "max": 2.00668802857399,
            "count": 200
        },
        "AICamera.Policy.GAILExpertEstimate.mean": {
            "value": 0.7821755170822143,
            "min": 0.5340025251110395,
            "max": 0.8045576175053915,
            "count": 200
        },
        "AICamera.Policy.GAILExpertEstimate.sum": {
            "value": 3.9108775854110718,
            "min": 1.6020075753331184,
            "max": 4.0227880875269575,
            "count": 200
        },
        "AICamera.Losses.GAILLoss.mean": {
            "value": 0.5338261723518372,
            "min": 0.45349000444014875,
            "max": 1.4456228489677112,
            "count": 200
        },
        "AICamera.Losses.GAILLoss.sum": {
            "value": 2.669130861759186,
            "min": 1.991343023876349,
            "max": 6.317200720310211,
            "count": 200
        },
        "AICamera.Policy.GAILGradMagLoss.mean": {
            "value": 0.09929456872244675,
            "min": 0.06647097468376159,
            "max": 8.123147937986586,
            "count": 200
        },
        "AICamera.Policy.GAILGradMagLoss.sum": {
            "value": 0.49647284361223376,
            "min": 0.3000484695658088,
            "max": 24.36944381395976,
            "count": 200
        },
        "AICamera.Losses.PretrainingLoss.mean": {
            "value": 1.1163383338400112,
            "min": 1.1163383338400112,
            "max": 3.2291763232600306,
            "count": 200
        },
        "AICamera.Losses.PretrainingLoss.sum": {
            "value": 5.581691669200056,
            "min": 4.479081778276351,
            "max": 14.056441387181641,
            "count": 200
        },
        "AICamera.Environment.EpisodeLength.mean": {
            "value": 827.2,
            "min": 185.2,
            "max": 999.0,
            "count": 200
        },
        "AICamera.Environment.EpisodeLength.sum": {
            "value": 8272.0,
            "min": 926.0,
            "max": 9965.0,
            "count": 200
        },
        "AICamera.Environment.CumulativeReward.mean": {
            "value": 0.0,
            "min": -0.4166666666666667,
            "max": 1.0,
            "count": 200
        },
        "AICamera.Environment.CumulativeReward.sum": {
            "value": 0.0,
            "min": -2.800000011920929,
            "max": 11.0,
            "count": 200
        },
        "AICamera.Policy.ExtrinsicReward.mean": {
            "value": 0.0,
            "min": -0.4166666666666667,
            "max": 1.0,
            "count": 200
        },
        "AICamera.Policy.ExtrinsicReward.sum": {
            "value": 0.0,
            "min": -2.800000011920929,
            "max": 11.0,
            "count": 200
        },
        "AICamera.Policy.GailReward.mean": {
            "value": 130.80419868561955,
            "min": 58.774353446705,
            "max": 304.5012001991272,
            "count": 200
        },
        "AICamera.Policy.GailReward.sum": {
            "value": 1177.237788170576,
            "min": 203.73962688446045,
            "max": 2860.1816030442715,
            "count": 200
        },
        "AICamera.IsTraining.mean": {
            "value": 1.0,
            "min": 1.0,
            "max": 1.0,
            "count": 200
        },
        "AICamera.IsTraining.sum": {
            "value": 1.0,
            "min": 1.0,
            "max": 1.0,
            "count": 200
        }
    },
    "metadata": {
        "timer_format_version": "0.1.0",
        "start_time_seconds": "1701870008",
        "python_version": "3.9.10 (tags/v3.9.10:f2f3f53, Jan 17 2022, 15:14:21) [MSC v.1929 64 bit (AMD64)]",
        "command_line_arguments": "C:\\Users\\hyden\\Documents\\Unity Projects\\AI TEST 3\\venv\\Scripts\\mlagents-learn config/ImitationMoveToGoal.yaml --run-id=Imitation_Random",
        "mlagents_version": "0.30.0",
        "mlagents_envs_version": "0.30.0",
        "communication_protocol_version": "1.5.0",
        "pytorch_version": "1.7.1+cu110",
        "numpy_version": "1.21.2",
        "end_time_seconds": "1701870843"
    },