{
    "name": "root",
    "gauges": {
        "AICamera.Policy.Entropy.mean": {
            "value": 1.2721598148345947,
            "min": 1.2721598148345947,
            "max": 1.4224960803985596,
            "count": 53
        },
        "AICamera.Policy.Entropy.sum": {
            "value": 12789.0224609375,
            "min": 12734.3876953125,
            "max": 14543.599609375,
            "count": 53
        },
        "AICamera.Environment.EpisodeLength.mean": {
            "value": 52.088235294117645,
            "min": 26.21246458923513,
            "max": 622.3333333333334,
            "count": 53
        },
        "AICamera.Environment.EpisodeLength.sum": {
            "value": 10626.0,
            "min": 5876.0,
            "max": 13015.0,
            "count": 53
        },
        "AICamera.Step.mean": {
            "value": 529997.0,
            "min": 9962.0,
            "max": 529997.0,
            "count": 53
        },
        "AICamera.Step.sum": {
            "value": 529997.0,
            "min": 9962.0,
            "max": 529997.0,
            "count": 53
        },
        "AICamera.Policy.ExtrinsicValueEstimate.mean": {
            "value": 0.5491379499435425,
            "min": -0.26468896865844727,
            "max": 0.7961127161979675,
            "count": 53
        },
        "AICamera.Policy.ExtrinsicValueEstimate.sum": {
            "value": 154.30776977539062,
            "min": -46.32057189941406,
            "max": 303.3189392089844,
            "count": 53
        },
        "AICamera.Environment.CumulativeReward.mean": {
            "value": 0.8137931022150763,
            "min": -0.7428571539265769,
            "max": 0.934636871075497,
            "count": 53
        },
        "AICamera.Environment.CumulativeReward.sum": {
            "value": 165.1999997496605,
            "min": -24.200000405311584,
            "max": 334.5999998450279,
            "count": 53
        },
        "AICamera.Policy.ExtrinsicReward.mean": {
            "value": 0.8137931022150763,
            "min": -0.7428571539265769,
            "max": 0.934636871075497,
            "count": 53
        },
        "AICamera.Policy.ExtrinsicReward.sum": {
            "value": 165.1999997496605,
            "min": -24.200000405311584,
            "max": 334.5999998450279,
            "count": 53
        },
        "AICamera.Losses.PolicyLoss.mean": {
            "value": 0.0431155218995021,
            "min": 0.038119288402850976,
            "max": 0.04945331549970434,
            "count": 53
        },
        "AICamera.Losses.PolicyLoss.sum": {
            "value": 0.431155218995021,
            "min": 0.3430735956256588,
            "max": 0.47672779889156425,
            "count": 53
        },
        "AICamera.Losses.ValueLoss.mean": {
            "value": 0.09722771653905511,
            "min": 0.005068407725991198,
            "max": 0.10136653198860586,
            "count": 53
        },
        "AICamera.Losses.ValueLoss.sum": {
            "value": 0.9722771653905511,
            "min": 0.04561566953392079,
            "max": 1.0136653198860586,
            "count": 53
        },
        "AICamera.Policy.LearningRate.mean": {
            "value": 0.000268499944500022,
            "min": 0.000268499944500022,
            "max": 0.0002996853934382022,
            "count": 53
        },
        "AICamera.Policy.LearningRate.sum": {
            "value": 0.00268499944500022,
            "min": 0.00242191515269498,
            "max": 0.0029850663049779,
            "count": 53
        },
        "AICamera.Policy.Epsilon.mean": {
            "value": 0.189499978,
            "min": 0.189499978,
            "max": 0.19989513111111112,
            "count": 53
        },
        "AICamera.Policy.Epsilon.sum": {
            "value": 1.8949997800000002,
            "min": 1.70730502,
            "max": 1.9950221000000001,
            "count": 53
        },
        "AICamera.Policy.Beta.mean": {
            "value": 0.0004485498922,
            "min": 0.0004485498922,
            "max": 0.0004994861424444444,
            "count": 53
        },
        "AICamera.Policy.Beta.sum": {
            "value": 0.004485498922,
            "min": 0.004045794598,
            "max": 0.00497560829,
            "count": 53
        },
        "AICamera.IsTraining.mean": {
            "value": 1.0,
            "min": 1.0,
            "max": 1.0,
            "count": 53
        },
        "AICamera.IsTraining.sum": {
            "value": 1.0,
            "min": 1.0,
            "max": 1.0,
            "count": 53
        }
    },
    "metadata": {
        "timer_format_version": "0.1.0",
        "start_time_seconds": "1700616349",
        "python_version": "3.9.10 (tags/v3.9.10:f2f3f53, Jan 17 2022, 15:14:21) [MSC v.1929 64 bit (AMD64)]",
        "command_line_arguments": "C:\\Users\\hyden\\Documents\\Unity Projects\\AI TEST 3\\venv\\Scripts\\mlagents-learn config/MoveToGoal.yaml --run-id=ReinforcementLearning_FirstTrain",
        "mlagents_version": "0.30.0",
        "mlagents_envs_version": "0.30.0",
        "communication_protocol_version": "1.5.0",
        "pytorch_version": "1.7.1+cu110",
        "numpy_version": "1.21.2",
        "end_time_seconds": "1700616636"
    },
    "total": 287.0347285,
    "count": 1,
    "self": 0.0027855000000158725,
    "children": {
        "run_training.setup": {
            "total": 0.05209830000000004,
            "count": 1,
            "self": 0.05209830000000004
        },
        "TrainerController.start_learning": {
            "total": 286.9798447,
            "count": 1,
            "self": 0.4240872999963017,
            "children": {
                "TrainerController._reset_env": {
                    "total": 5.162255699999999,
                    "count": 1,
                    "self": 5.162255699999999
                },
                "TrainerController.advance": {
                    "total": 281.3713882000037,
                    "count": 59251,
                    "self": 0.41907519999489296,
                    "children": {
                        "env_step": {
                            "total": 214.8749982000057,
                            "count": 59251,
                            "self": 198.42355279999867,
                            "children": {
                                "SubprocessEnvManager._take_step": {
                                    "total": 16.155111000003632,
                                    "count": 59251,
                                    "self": 1.417189500003948,
                                    "children": {
                                        "TorchPolicy.evaluate": {
                                            "total": 14.737921499999684,
                                            "count": 59251,
                                            "self": 14.737921499999684
                                        }
                                    }
                                },
                                "workers": {
                                    "total": 0.29633440000340716,
                                    "count": 59250,
                                    "self": 0.0,
                                    "children": {
                                        "worker_root": {
                                            "total": 239.7319562999962,
                                            "count": 59250,
                                            "is_parallel": true,
                                            "self": 108.72456229999815,
                                            "children": {
                                                "steps_from_proto": {
                                                    "total": 0.0002178999999999931,
                                                    "count": 1,
                                                    "is_parallel": true,