{
    "name": "root",
    "gauges": {
        "AICamera.Policy.Entropy.mean": {
            "value": 0.32936522364616394,
            "min": 0.32817205786705017,
            "max": 0.5816397666931152,
            "count": 50
        },
        "AICamera.Policy.Entropy.sum": {
            "value": 3301.556884765625,
            "min": 3265.96826171875,
            "max": 5931.4443359375,
            "count": 50
        },
        "AICamera.Environment.EpisodeLength.mean": {
            "value": 34.92481203007519,
            "min": 30.155555555555555,
            "max": 97.625,
            "count": 50
        },
        "AICamera.Environment.EpisodeLength.sum": {
            "value": 9290.0,
            "min": 9290.0,
            "max": 10305.0,
            "count": 50
        },
        "AICamera.Step.mean": {
            "value": 499952.0,
            "min": 9980.0,
            "max": 499952.0,
            "count": 50
        },
        "AICamera.Step.sum": {
            "value": 499952.0,
            "min": 9980.0,
            "max": 499952.0,
            "count": 50
        },
        "AICamera.Policy.ExtrinsicValueEstimate.mean": {
            "value": 0.5868008136749268,
            "min": -0.14999720454216003,
            "max": 0.6140747666358948,
            "count": 50
        },
        "AICamera.Policy.ExtrinsicValueEstimate.sum": {
            "value": 195.4046630859375,
            "min": -35.09934616088867,
            "max": 225.3654327392578,
            "count": 50
        },
        "AICamera.Environment.CumulativeReward.mean": {
            "value": 0.683146065540528,
            "min": -0.2191304414168648,
            "max": 0.7058823511880987,
            "count": 50
        },
        "AICamera.Environment.CumulativeReward.sum": {
            "value": 182.39999949932098,
            "min": -25.200000762939453,
            "max": 215.9999994635582,
            "count": 50
        },
        "AICamera.Policy.ExtrinsicReward.mean": {
            "value": 0.683146065540528,
            "min": -0.2191304414168648,
            "max": 0.7058823511880987,
            "count": 50
        },
        "AICamera.Policy.ExtrinsicReward.sum": {
            "value": 182.39999949932098,
            "min": -25.200000762939453,
            "max": 215.9999994635582,
            "count": 50
        },
        "AICamera.Losses.PolicyLoss.mean": {
            "value": 0.24204732972040657,
            "min": 0.235588765095795,
            "max": 0.24954894265885724,
            "count": 50
        },
        "AICamera.Losses.PolicyLoss.sum": {
            "value": 19.12173904791212,
            "min": 17.549183623361255,
            "max": 20.243500098540277,
            "count": 50
        },
        "AICamera.Losses.ValueLoss.mean": {
            "value": 0.10486196547605645,
            "min": 0.024191662231261162,
            "max": 0.12662474155012682,
            "count": 50
        },
        "AICamera.Losses.ValueLoss.sum": {
            "value": 8.28409527260846,
            "min": 1.8627579918071095,
            "max": 10.389572167058015,
            "count": 50
        },
        "AICamera.Policy.LearningRate.mean": {
            "value": 2.9649496446278474e-06,
            "min": 2.9649496446278474e-06,
            "max": 0.0002969866874909243,
            "count": 50
        },
        "AICamera.Policy.LearningRate.sum": {
            "value": 0.00023423102192559993,
            "min": 0.00023423102192559993,
            "max": 0.021977014874328397,
            "count": 50
        },
        "AICamera.Policy.Epsilon.mean": {
            "value": 0.10098828354430381,
            "min": 0.10098828354430381,
            "max": 0.1989955621621622,
            "count": 50
        },
        "AICamera.Policy.Epsilon.sum": {
            "value": 7.978074400000001,
            "min": 7.978074400000001,
            "max": 15.053196400000001,
            "count": 50
        },
        "AICamera.Policy.Beta.mean": {
            "value": 0.0005000000000000001,
            "min": 0.0005,
            "max": 0.0005000000000000001,
            "count": 50
        },
        "AICamera.Policy.Beta.sum": {
            "value": 0.03950000000000001,
            "min": 0.035500000000000004,
            "max": 0.04150000000000001,
            "count": 50
        },
        "AICamera.IsTraining.mean": {
            "value": 1.0,
            "min": 1.0,
            "max": 1.0,
            "count": 50
        },
        "AICamera.IsTraining.sum": {
            "value": 1.0,
            "min": 1.0,
            "max": 1.0,
            "count": 50
        }
    },
    "metadata": {
        "timer_format_version": "0.1.0",
        "start_time_seconds": "1699322011",
        "python_version": "3.9.10 (tags/v3.9.10:f2f3f53, Jan 17 2022, 15:14:21) [MSC v.1929 64 bit (AMD64)]",
        "command_line_arguments": "C:\\Users\\hyden\\Documents\\Unity Projects\\AI TEST 3\\venv\\Scripts\\mlagents-learn config/MoveToGoal.yaml --initialize-from=MoveToGoalCameraRandom --run-id=MoveToGoalCameraRandom2",
        "mlagents_version": "0.30.0",
        "mlagents_envs_version": "0.30.0",
        "communication_protocol_version": "1.5.0",
        "pytorch_version": "1.7.1+cu110",
        "numpy_version": "1.21.2",
        "end_time_seconds": "1699322498"
    },
    "total": 487.1712274,
    "count": 1,
    "self": 0.0035864999999830616,
    "children": {
        "run_training.setup": {
            "total": 0.051004700000000014,
            "count": 1,
            "self": 0.051004700000000014
        },
        "TrainerController.start_learning": {
            "total": 487.1166362,
            "count": 1,
            "self": 0.569730500000901,
            "children": {
                "TrainerController._reset_env": {
                    "total": 5.3547106,
                    "count": 1,
                    "self": 5.3547106
                },
                "TrainerController.advance": {
                    "total": 481.1722487999991,
                    "count": 69526,
                    "self": 0.5439791999987165,
                    "children": {
                        "env_step": {
                            "total": 194.75027370000296,
                            "count": 69526,
                            "self": 176.46322670000606,
                            "children": {
                                "SubprocessEnvManager._take_step": {
                                    "total": 17.909218799998982,
                                    "count": 69526,
                                    "self": 1.5819284999939605,
                                    "children": {
                                        "TorchPolicy.evaluate": {
                                            "total": 16.32729030000502,
                                            "count": 62529,
                                            "self": 16.32729030000502
                                        }
                                    }
                                },
                                "workers": {
                                    "total": 0.37782819999793027,
                                    "count": 69526,
                                    "self": 0.0,
                                    "children": {
                                        "worker_root": {
                                            "total": 481.0255815000056,
                                            "count": 69526,
                                            "is_parallel": true,
                                            "self": 335.22023010000635,
                                            "children": {
                                                "steps_from_proto": {
                                                    "total": 0.00018649999999986733,
                                                    "count": 1,
                                                    "is_parallel": true,