{
    "name": "root",
    "gauges": {
        "AICamera.Policy.Entropy.mean": {
            "value": 1.2353044748306274,
            "min": 1.2352432012557983,
            "max": 1.4187736511230469,
            "count": 200
        },
        "AICamera.Policy.Entropy.sum": {
            "value": 6048.05078125,
            "min": 6048.05078125,
            "max": 7513.8251953125,
            "count": 200
        },
        "AICamera.Step.mean": {
            "value": 999985.0,
            "min": 4964.0,
            "max": 999985.0,
            "count": 200
        },
        "AICamera.Step.sum": {
            "value": 999985.0,
            "min": 4964.0,
            "max": 999985.0,
            "count": 200
        },
        "AICamera.Policy.ExtrinsicValueEstimate.mean": {
            "value": 0.8864235877990723,
            "min": -0.025872357189655304,
            "max": 1.4174264669418335,
            "count": 200
        },
        "AICamera.Policy.ExtrinsicValueEstimate.sum": {
            "value": 224.26516723632812,
            "min": -2.199150323867798,
            "max": 248.1599884033203,
            "count": 200
        },
        "AICamera.Losses.PolicyLoss.mean": {
            "value": 0.041277261994158224,
            "min": 0.031073384413806103,
            "max": 0.05625543887726962,
            "count": 200
        },
        "AICamera.Losses.PolicyLoss.sum": {
            "value": 0.20638630997079113,
            "min": 0.12429353765522441,
            "max": 0.28127719438634813,
            "count": 200
        },
        "AICamera.Losses.ValueLoss.mean": {
            "value": 0.015775165598218642,
            "min": 0.00030466184186176787,
            "max": 0.3014264632430341,
            "count": 200
        },
        "AICamera.Losses.ValueLoss.sum": {
            "value": 0.0788758279910932,
            "min": 0.0012186473674470715,
            "max": 0.9042793897291024,
            "count": 200
        },
        "AICamera.Policy.LearningRate.mean": {
            "value": 7.053397649199958e-07,
            "min": 7.053397649199958e-07,
            "max": 0.00029907300030899996,
            "count": 200
        },
        "AICamera.Policy.LearningRate.sum": {
            "value": 3.5266988245999793e-06,
            "min": 3.5266988245999793e-06,
            "max": 0.0014891010036330002,
            "count": 200
        },
        "AICamera.Policy.Epsilon.mean": {
            "value": 0.10023508,
            "min": 0.10023508,
            "max": 0.19969099999999998,
            "count": 200
        },
        "AICamera.Policy.Epsilon.sum": {
            "value": 0.5011754,
            "min": 0.40700640000000005,
            "max": 0.996367,
            "count": 200
        },
        "AICamera.Policy.Beta.mean": {
            "value": 1.1151891999999995e-05,
            "min": 1.1151891999999995e-05,
            "max": 0.0004984859000000001,
            "count": 200
        },
        "AICamera.Policy.Beta.sum": {
            "value": 5.575945999999998e-05,
            "min": 5.575945999999998e-05,
            "max": 0.0024821982999999994,
            "count": 200
        },
        "AICamera.Environment.EpisodeLength.mean": {
            "value": 20.903614457831324,
            "min": 17.50557620817844,
            "max": 567.0909090909091,
            "count": 200
        },
        "AICamera.Environment.EpisodeLength.sum": {
            "value": 5205.0,
            "min": 1883.0,
            "max": 6919.0,
            "count": 200
        },
        "AICamera.Environment.CumulativeReward.mean": {
            "value": 0.9790322578722431,
            "min": -0.5,
            "max": 1.0,
            "count": 200
        },
        "AICamera.Environment.CumulativeReward.sum": {
            "value": 242.79999995231628,
            "min": -4.5,
            "max": 270.0,
            "count": 200
        },
        "AICamera.Policy.ExtrinsicReward.mean": {
            "value": 0.9790322578722431,
            "min": -0.5,
            "max": 1.0,
            "count": 200
        },
        "AICamera.Policy.ExtrinsicReward.sum": {
            "value": 242.79999995231628,
            "min": -4.5,
            "max": 270.0,
            "count": 200
        },
        "AICamera.IsTraining.mean": {
            "value": 1.0,
            "min": 1.0,
            "max": 1.0,
            "count": 200
        },
        "AICamera.IsTraining.sum": {
            "value": 1.0,
            "min": 1.0,
            "max": 1.0,
            "count": 200
        }
    },
    "metadata": {
        "timer_format_version": "0.1.0",
        "start_time_seconds": "1701866739",
        "python_version": "3.9.10 (tags/v3.9.10:f2f3f53, Jan 17 2022, 15:14:21) [MSC v.1929 64 bit (AMD64)]",
        "command_line_arguments": "C:\\Users\\hyden\\Documents\\Unity Projects\\AI TEST 3\\venv\\Scripts\\mlagents-learn config/MoveToGoal.yaml --run-id=Reinforcement_Static",
        "mlagents_version": "0.30.0",
        "mlagents_envs_version": "0.30.0",
        "communication_protocol_version": "1.5.0",
        "pytorch_version": "1.7.1+cu110",
        "numpy_version": "1.21.2",
        "end_time_seconds": "1701867041"
    },
    "total": 302.0689987,
    "count": 1,
    "self": 0.004131700000016281,
    "children": {
        "run_training.setup": {
            "total": 0.056687400000000054,
            "count": 1,
            "self": 0.056687400000000054
        },
        "TrainerController.start_learning": {
            "total": 302.0081796,
            "count": 1,
            "self": 0.5359096000009345,
            "children": {
                "TrainerController._reset_env": {
                    "total": 4.6071534,
                    "count": 1,
                    "self": 4.6071534
                },
                "TrainerController.advance": {
                    "total": 296.8436569999991,
                    "count": 62508,
                    "self": 0.5245821000022488,
                    "children": {
                        "env_step": {
                            "total": 156.59946749999773,
                            "count": 62508,
                            "self": 137.58724490000128,
                            "children": {
                                "SubprocessEnvManager._take_step": {
                                    "total": 18.67704389999858,
                                    "count": 62508,
                                    "self": 1.6849881999969298,
                                    "children": {
                                        "TorchPolicy.evaluate": {
                                            "total": 16.99205570000165,
                                            "count": 62508,
                                            "self": 16.99205570000165
                                        }
                                    }
                                },
                                "workers": {
                                    "total": 0.335178699997873,
                                    "count": 62508,
                                    "self": 0.0,
                                    "children": {
                                        "worker_root": {
                                            "total": 296.7266550999986,
                                            "count": 62508,
                                            "is_parallel": true,
                                            "self": 194.70322599999514,
                                            "children": {
                                                "steps_from_proto": {
                                                    "total": 0.00020709999999990458,
                                                    "count": 1,
                                                    "is_parallel": true,
                                                    "self": 5.7500000000487717e-05,