{
    "name": "root",
    "gauges": {
        "AICamera.Policy.Entropy.mean": {
            "value": 0.8554102778434753,
            "min": 0.8554102778434753,
            "max": 1.4105277061462402,
            "count": 63
        },
        "AICamera.Policy.Entropy.sum": {
            "value": 4215.4619140625,
            "min": 4215.4619140625,
            "max": 7092.2783203125,
            "count": 63
        },
        "AICamera.Step.mean": {
            "value": 314972.0,
            "min": 4952.0,
            "max": 314972.0,
            "count": 63
        },
        "AICamera.Step.sum": {
            "value": 314972.0,
            "min": 4952.0,
            "max": 314972.0,
            "count": 63
        },
        "AICamera.Policy.ExtrinsicValueEstimate.mean": {
            "value": -0.030046526342630386,
            "min": -0.07327674329280853,
            "max": 0.47018688917160034,
            "count": 63
        },
        "AICamera.Policy.ExtrinsicValueEstimate.sum": {
            "value": -2.403722047805786,
            "min": -5.862139701843262,
            "max": 37.1447639465332,
            "count": 63
        },
        "AICamera.Losses.PolicyLoss.mean": {
            "value": 0.23267066623273824,
            "min": 0.22808309087923892,
            "max": 0.2560785123150229,
            "count": 63
        },
        "AICamera.Losses.PolicyLoss.sum": {
            "value": 9.30682664930953,
            "min": 4.591596711900331,
            "max": 10.243140492600915,
            "count": 63
        },
        "AICamera.Losses.ValueLoss.mean": {
            "value": 1.3014651106568261e-08,
            "min": 8.894635833156689e-09,
            "max": 0.008905026578244286,
            "count": 63
        },
        "AICamera.Losses.ValueLoss.sum": {
            "value": 5.205860442627305e-07,
            "min": 3.5578543332626755e-07,
            "max": 0.3443215086887035,
            "count": 63
        },
        "AICamera.Policy.LearningRate.mean": {
            "value": 0.00020624157125282002,
            "min": 0.00020624157125282002,
            "max": 0.000299238189727621,
            "count": 63
        },
        "AICamera.Policy.LearningRate.sum": {
            "value": 0.008249662850112801,
            "min": 0.005685525604824799,
            "max": 0.0117904005698665,
            "count": 63
        },
        "AICamera.Policy.Epsilon.mean": {
            "value": 0.16874718,
            "min": 0.16874718,
            "max": 0.19974606315789475,
            "count": 63
        },
        "AICamera.Policy.Epsilon.sum": {
            "value": 6.7498872,
            "min": 3.7951752,
            "max": 7.9301335,
            "count": 63
        },
        "AICamera.Policy.Beta.mean": {
            "value": 0.000346861182,
            "min": 0.000346861182,
            "max": 0.0004987557094736842,
            "count": 63
        },
        "AICamera.Policy.Beta.sum": {
            "value": 0.01387444728,
            "min": 0.009476358479999999,
            "max": 0.01965765415,
            "count": 63
        },
        "AICamera.Environment.EpisodeLength.mean": {
            "value": 999.0,
            "min": 535.7777777777778,
            "max": 999.0,
            "count": 63
        },
        "AICamera.Environment.EpisodeLength.sum": {
            "value": 4995.0,
            "min": 3314.0,
            "max": 6706.0,
            "count": 63
        },
        "AICamera.Environment.CumulativeReward.mean": {
            "value": -0.29999998584389687,
            "min": -0.5978799741715193,
            "max": 0.5040800337679684,
            "count": 63
        },
        "AICamera.Environment.CumulativeReward.sum": {
            "value": -1.4999999292194843,
            "min": -2.9893998708575964,
            "max": 3.0965001434087753,
            "count": 63
        },
        "AICamera.Policy.ExtrinsicReward.mean": {
            "value": -0.29999998584389687,
            "min": -0.5978799741715193,
            "max": 0.5040800337679684,
            "count": 63
        },
        "AICamera.Policy.ExtrinsicReward.sum": {
            "value": -1.4999999292194843,
            "min": -2.9893998708575964,
            "max": 3.0965001434087753,
            "count": 63
        },
        "AICamera.IsTraining.mean": {
            "value": 1.0,
            "min": 1.0,
            "max": 1.0,
            "count": 63
        },
        "AICamera.IsTraining.sum": {
            "value": 1.0,
            "min": 1.0,
            "max": 1.0,
            "count": 63
        }
    },
    "metadata": {
        "timer_format_version": "0.1.0",
        "start_time_seconds": "1706647069",
        "python_version": "3.9.10 (tags/v3.9.10:f2f3f53, Jan 17 2022, 15:14:21) [MSC v.1929 64 bit (AMD64)]",
        "command_line_arguments": "C:\\Users\\hyden\\Documents\\Unity Projects\\AI TEST 3\\venv\\Scripts\\mlagents-learn config/MoveToGoal.yaml --run-id=Ray_W_Camera",
        "mlagents_version": "0.30.0",
        "mlagents_envs_version": "0.30.0",
        "communication_protocol_version": "1.5.0",
        "pytorch_version": "1.7.1+cu110",
        "numpy_version": "1.21.2",
        "end_time_seconds": "1706647451"
    },
    "total": 381.56376009999997,
    "count": 1,
    "self": 0.002859999999941465,
    "children": {
        "run_training.setup": {
            "total": 0.0541218,
            "count": 1,
            "self": 0.0541218
        },
        "TrainerController.start_learning": {
            "total": 381.5067783,
            "count": 1,
            "self": 0.6200742999918134,
            "children": {
                "TrainerController._reset_env": {
                    "total": 8.2420806,
                    "count": 1,
                    "self": 8.2420806
                },
                "TrainerController.advance": {
                    "total": 372.6080860000082,
                    "count": 79301,
                    "self": 0.5729811000032328,
                    "children": {
                        "env_step": {
                            "total": 178.3342892,
                            "count": 79301,
                            "self": 155.9027852000121,
                            "children": {
                                "SubprocessEnvManager._take_step": {
                                    "total": 22.02089960000024,
                                    "count": 79301,
                                    "self": 1.8976242000045858,
                                    "children": {
                                        "TorchPolicy.evaluate": {
                                            "total": 20.123275399995656,
                                            "count": 79301,
                                            "self": 20.123275399995656
                                        }
                                    }
                                },
                                "workers": {
                                    "total": 0.4106043999876672,
                                    "count": 79300,
                                    "self": 0.0,
                                    "children": {
                                        "worker_root": {
                                            "total": 368.27711989999653,
                                            "count": 79300,
                                            "is_parallel": true,
                                            "self": 249.19633009999228,
                                            "children": {
                                                "steps_from_proto": {
                                                    "total": 0.00025519999999978893,
                                                    "count": 1,
                                                    "is_parallel": true,
                                                    "self": 6.989999999973406e-05,