{
    "name": "root",
    "gauges": {
        "AICamera.Policy.Entropy.mean": {
            "value": 1.0357050895690918,
            "min": 1.0357050895690918,
            "max": 1.149540901184082,
            "count": 32
        },
        "AICamera.Policy.Entropy.sum": {
            "value": 10365.3369140625,
            "min": 4234.802734375,
            "max": 11587.3720703125,
            "count": 32
        },
        "AICamera.Step.mean": {
            "value": 499999.0,
            "min": 189999.0,
            "max": 499999.0,
            "count": 32
        },
        "AICamera.Step.sum": {
            "value": 499999.0,
            "min": 189999.0,
            "max": 499999.0,
            "count": 32
        },
        "AICamera.Policy.ExtrinsicValueEstimate.mean": {
            "value": 0.9500418901443481,
            "min": 0.4534212052822113,
            "max": 0.9608786106109619,
            "count": 32
        },
        "AICamera.Policy.ExtrinsicValueEstimate.sum": {
            "value": 1035.545654296875,
            "min": 82.97608184814453,
            "max": 1067.5361328125,
            "count": 32
        },
        "AICamera.Losses.PolicyLoss.mean": {
            "value": 0.24375563440202433,
            "min": 0.23596863738455437,
            "max": 0.2555518750785798,
            "count": 32
        },
        "AICamera.Losses.PolicyLoss.sum": {
            "value": 22.42551836498624,
            "min": 5.877693126807335,
            "max": 22.771882275703195,
            "count": 32
        },
        "AICamera.Losses.ValueLoss.mean": {
            "value": 0.004885543010925352,
            "min": 2.265274507277113e-05,
            "max": 0.0718470653567232,
            "count": 32
        },
        "AICamera.Losses.ValueLoss.sum": {
            "value": 0.44946995700513237,
            "min": 0.002106705291767715,
            "max": 5.735405532901735,
            "count": 32
        },
        "AICamera.Policy.LearningRate.mean": {
            "value": 2.965514228919566e-06,
            "min": 2.965514228919566e-06,
            "max": 0.0001868513072814609,
            "count": 32
        },
        "AICamera.Policy.LearningRate.sum": {
            "value": 0.00027282730906060004,
            "min": 0.00027282730906060004,
            "max": 0.0161043448318862,
            "count": 32
        },
        "AICamera.Policy.Epsilon.mean": {
            "value": 0.10098847173913045,
            "min": 0.10098847173913045,
            "max": 0.16228375652173915,
            "count": 32
        },
        "AICamera.Policy.Epsilon.sum": {
            "value": 9.290939400000001,
            "min": 3.7325264000000002,
            "max": 14.1681138,
            "count": 32
        },
        "AICamera.Policy.Beta.mean": {
            "value": 0.0005000000000000002,
            "min": 0.0005000000000000001,
            "max": 0.0005000000000000002,
            "count": 32
        },
        "AICamera.Policy.Beta.sum": {
            "value": 0.04600000000000002,
            "min": 0.011500000000000003,
            "max": 0.04650000000000002,
            "count": 32
        },
        "AICamera.Environment.EpisodeLength.mean": {
            "value": 8.200551977920883,
            "min": 8.0,
            "max": 22.219354838709677,
            "count": 32
        },
        "AICamera.Environment.EpisodeLength.sum": {
            "value": 8914.0,
            "min": 3444.0,
            "max": 9493.0,
            "count": 32
        },
        "AICamera.Environment.CumulativeReward.mean": {
            "value": 0.9941122354776791,
            "min": 0.6519230747452149,
            "max": 1.0,
            "count": 32
        },
        "AICamera.Environment.CumulativeReward.sum": {
            "value": 1080.5999999642372,
            "min": 102.19999969005585,
            "max": 1111.0,
            "count": 32
        },
        "AICamera.Policy.ExtrinsicReward.mean": {
            "value": 0.9941122354776791,
            "min": 0.6519230747452149,
            "max": 1.0,
            "count": 32
        },
        "AICamera.Policy.ExtrinsicReward.sum": {
            "value": 1080.5999999642372,
            "min": 102.19999969005585,
            "max": 1111.0,
            "count": 32
        },
        "AICamera.IsTraining.mean": {
            "value": 1.0,
            "min": 1.0,
            "max": 1.0,
            "count": 32
        },
        "AICamera.IsTraining.sum": {
            "value": 1.0,
            "min": 1.0,
            "max": 1.0,
            "count": 32
        }
    },
    "metadata": {
        "timer_format_version": "0.1.0",
        "start_time_seconds": "1699320674",
        "python_version": "3.9.10 (tags/v3.9.10:f2f3f53, Jan 17 2022, 15:14:21) [MSC v.1929 64 bit (AMD64)]",
        "command_line_arguments": "C:\\Users\\hyden\\Documents\\Unity Projects\\AI TEST 3\\venv\\Scripts\\mlagents-learn config/MoveToGoal.yaml --run-id=MoveToGoalCamera --resume",
        "mlagents_version": "0.30.0",
        "mlagents_envs_version": "0.30.0",
        "communication_protocol_version": "1.5.0",
        "pytorch_version": "1.7.1+cu110",
        "numpy_version": "1.21.2",
        "end_time_seconds": "1699321004"
    },
    "total": 330.1244526,
    "count": 1,
    "self": 0.003492899999969268,
    "children": {
        "run_training.setup": {
            "total": 0.054325999999999985,
            "count": 1,
            "self": 0.054325999999999985
        },
        "TrainerController.start_learning": {
            "total": 330.0666337,
            "count": 1,
            "self": 0.5210244000016928,
            "children": {
                "TrainerController._reset_env": {
                    "total": 5.2433289,
                    "count": 1,
                    "self": 5.2433289
                },
                "TrainerController.advance": {
                    "total": 324.28081139999836,
                    "count": 64918,
                    "self": 0.46885609999696953,
                    "children": {
                        "env_step": {
                            "total": 139.3631034999973,
                            "count": 64918,
                            "self": 127.96400269999592,
                            "children": {
                                "SubprocessEnvManager._take_step": {
                                    "total": 11.067685399997647,
                                    "count": 64918,
                                    "self": 1.0216085999918452,
                                    "children": {
                                        "TorchPolicy.evaluate": {
                                            "total": 10.046076800005801,
                                            "count": 39205,
                                            "self": 10.046076800005801
                                        }
                                    }
                                },
                                "workers": {
                                    "total": 0.3314154000037304,
                                    "count": 64918,
                                    "self": 0.0,
                                    "children": {
                                        "worker_root": {
                                            "total": 324.15590119998876,
                                            "count": 64918,
                                            "is_parallel": true,
                                            "self": 221.33225619998404,
                                            "children": {
                                                "steps_from_proto": {
                                                    "total": 0.00019960000000018852,
                                                    "count": 1,
                                                    "is_parallel": true,
                                                    "self": 6.179999999922359e-05,