{
    "name": "root",
    "gauges": {
        "AICamera.Policy.Entropy.mean": {
            "value": 0.027515670284628868,
            "min": 0.027515670284628868,
            "max": 1.3842686414718628,
            "count": 27
        },
        "AICamera.Policy.Entropy.sum": {
            "value": 272.5702209472656,
            "min": 272.5702209472656,
            "max": 14188.75390625,
            "count": 27
        },
        "AICamera.Step.mean": {
            "value": 269958.0,
            "min": 9944.0,
            "max": 269958.0,
            "count": 27
        },
        "AICamera.Step.sum": {
            "value": 269958.0,
            "min": 9944.0,
            "max": 269958.0,
            "count": 27
        },
        "AICamera.Policy.ExtrinsicValueEstimate.mean": {
            "value": 0.32291173934936523,
            "min": -0.25098714232444763,
            "max": 0.5116382241249084,
            "count": 27
        },
        "AICamera.Policy.ExtrinsicValueEstimate.sum": {
            "value": 56.509552001953125,
            "min": -42.66781234741211,
            "max": 98.23453521728516,
            "count": 27
        },
        "AICamera.Losses.PolicyLoss.mean": {
            "value": 0.04837528969704484,
            "min": 0.0352515093186715,
            "max": 0.05143450380785873,
            "count": 27
        },
        "AICamera.Losses.PolicyLoss.sum": {
            "value": 0.4837528969704484,
            "min": 0.33225226497355226,
            "max": 0.5136214448139071,
            "count": 27
        },
        "AICamera.Losses.ValueLoss.mean": {
            "value": 0.008810659438798513,
            "min": 0.005750561344029848,
            "max": 0.03192947888682182,
            "count": 27
        },
        "AICamera.Losses.ValueLoss.sum": {
            "value": 0.08810659438798514,
            "min": 0.05474605287114779,
            "max": 0.2554358310945746,
            "count": 27
        },
        "AICamera.Policy.LearningRate.mean": {
            "value": 0.000284113691295438,
            "min": 0.000284113691295438,
            "max": 0.0002996839126053625,
            "count": 27
        },
        "AICamera.Policy.LearningRate.sum": {
            "value": 0.00284113691295438,
            "min": 0.0023974713008429,
            "max": 0.0029910842429719197,
            "count": 27
        },
        "AICamera.Policy.Epsilon.mean": {
            "value": 0.19470456200000003,
            "min": 0.19470456200000003,
            "max": 0.19989463750000003,
            "count": 27
        },
        "AICamera.Policy.Epsilon.sum": {
            "value": 1.9470456200000001,
            "min": 1.5991571000000002,
            "max": 1.9970280800000002,
            "count": 27
        },
        "AICamera.Policy.Beta.mean": {
            "value": 0.0004740523538,
            "min": 0.0004740523538,
            "max": 0.00049948372375,
            "count": 27
        },
        "AICamera.Policy.Beta.sum": {
            "value": 0.004740523538,
            "min": 0.00399586979,
            "max": 0.004985437592,
            "count": 27
        },
        "AICamera.Losses.PretrainingLoss.mean": {
            "value": 0.25050611628426445,
            "min": 0.25050611628426445,
            "max": 1.1766290683989173,
            "count": 27
        },
        "AICamera.Losses.PretrainingLoss.sum": {
            "value": 2.5050611628426447,
            "min": 2.306836319742379,
            "max": 10.25119869135044,
            "count": 27
        },
        "AICamera.Environment.EpisodeLength.mean": {
            "value": 232.325,
            "min": 130.4805194805195,
            "max": 343.5925925925926,
            "count": 27
        },
        "AICamera.Environment.EpisodeLength.sum": {
            "value": 9293.0,
            "min": 8980.0,
            "max": 11092.0,
            "count": 27
        },
        "AICamera.Environment.CumulativeReward.mean": {
            "value": 0.7299999982118607,
            "min": 0.1555555506988808,
            "max": 0.8897959176374941,
            "count": 27
        },
        "AICamera.Environment.CumulativeReward.sum": {
            "value": 29.199999928474426,
            "min": 4.1999998688697815,
            "max": 63.3999999165535,
            "count": 27
        },
        "AICamera.Policy.ExtrinsicReward.mean": {
            "value": 0.7299999982118607,
            "min": 0.1555555506988808,
            "max": 0.8897959176374941,
            "count": 27
        },
        "AICamera.Policy.ExtrinsicReward.sum": {
            "value": 29.199999928474426,
            "min": 4.1999998688697815,
            "max": 63.3999999165535,
            "count": 27
        },
        "AICamera.IsTraining.mean": {
            "value": 1.0,
            "min": 1.0,
            "max": 1.0,
            "count": 27
        },
        "AICamera.IsTraining.sum": {
            "value": 1.0,
            "min": 1.0,
            "max": 1.0,
            "count": 27
        }
    },
    "metadata": {
        "timer_format_version": "0.1.0",
        "start_time_seconds": "1700618570",
        "python_version": "3.9.10 (tags/v3.9.10:f2f3f53, Jan 17 2022, 15:14:21) [MSC v.1929 64 bit (AMD64)]",
        "command_line_arguments": "C:\\Users\\hyden\\Documents\\Unity Projects\\AI TEST 3\\venv\\Scripts\\mlagents-learn config/ImitationMoveToGoal.yaml --run-id=FullImitation_FirstTrain",
        "mlagents_version": "0.30.0",
        "mlagents_envs_version": "0.30.0",
        "communication_protocol_version": "1.5.0",
        "pytorch_version": "1.7.1+cu110",
        "numpy_version": "1.21.2",
        "end_time_seconds": "1700618737"
    },
    "total": 166.87901119999998,
    "count": 1,
    "self": 0.00383989999997425,
    "children": {
        "run_training.setup": {
            "total": 0.05239910000000003,
            "count": 1,
            "self": 0.05239910000000003
        },
        "TrainerController.start_learning": {
            "total": 166.8227722,
            "count": 1,
            "self": 0.24389289999891162,
            "children": {
                "TrainerController._reset_env": {
                    "total": 10.9642205,
                    "count": 1,
                    "self": 10.773363199999999,
                    "children": {
                        "demo_to_buffer": {
                            "total": 0.19085730000000112,
                            "count": 1,
                            "self": 2.500000000260627e-05,
                            "children": {
                                "load_demonstration": {
                                    "total": 0.00528759999999906,
                                    "count": 1,
                                    "self": 0.005215999999998999,
                                    "children": {
                                        "read_file": {
                                            "total": 7.16000000000605e-05,
                                            "count": 1,
                                            "self": 7.16000000000605e-05
                                        }
                                    }
                                },
                                "make_demo_buffer": {
                                    "total": 0.18554469999999945,
                                    "count": 1,
                                    "self": 0.03816819999991594,
                                    "children": {
                                        "steps_from_proto": {
                                            "total": 0.1473765000000835,
                                            "count": 4904,
                                            "self": 0.09357780000005533,
                                            "children": {
                                                "_process_rank_one_or_two_observation": {
                                                    "total": 0.05379870000002818,